rate,Total number of applications,year,Rate of Rejection
32.4688881634,18.365036,2007,32.47
32.3237208995,12.344671,2008,32.32
23.7328793876,12.890821,2009,23.73
22.8161077528,11.447829,2010,22.82
23.5675900038,10.123568,2011,23.57
20.8433019832,13.320092,2012,20.84
22.2599080819,12.078801,2013,22.26
24.1971490995,8.440982,2014,24.2
22.5597946673,10.083926,2015,22.56
23.3377480471,11.497159,2016,23.34
20.5945895706,9.758597,2017,20.59
24.0568968072,10.620842,2018,24.06
